Order ID;Segment;Ship Mode;Value
CA-2011-103366;Consumer;First Class;149,95
CA-2011-109043;Consumer;First Class;243,6
CA-2011-113166;Consumer;First Class;9,568
CA-2011-124023;Consumer;First Class;8,96
CA-2011-130155;Consumer;First Class;34,2
CA-2011-136861;Consumer;First Class;31,984
CA-2011-153927;Consumer;First Class;286,65
CA-2011-157784;Consumer;First Class;514,03
CA-2011-160094;Consumer;First Class;1000,95
CA-2011-164749;Consumer;First Class;9,912
CA-2011-166730;Consumer;First Class;39,128
CA-2012-102722;Consumer;First Class;106,5
CA-2012-102778;Consumer;First Class;18,176
CA-2012-117828;Consumer;First Class;194,32
CA-2012-130218;Consumer;First Class;59,48
CA-2012-132318;Consumer;First Class;182,91
CA-2012-137974;Consumer;First Class;2298,9
CA-2012-138625;Consumer;First Class;197,72
CA-2012-141327;Consumer;First Class;440,144
CA-2012-149300;Consumer;First Class;32,985
CA-2012-150560;Consumer;First Class;196,62
CA-2012-165414;Consumer;First Class;47,976
CA-2013-102092;Consumer;First Class;1056,86
CA-2013-102498;Consumer;First Class;73,2
CA-2013-110492;Consumer;First Class;1366,04
CA-2013-119515;Consumer;First Class;15,552
CA-2013-119823;Consumer;First Class;75,88
CA-2013-124772;Consumer;First Class;191,82
CA-2013-125843;Consumer;First Class;125,92
CA-2013-130442;Consumer;First Class;34,944
CA-2013-133872;Consumer;First Class;58,4
CA-2013-145247;Consumer;First Class;79,14
CA-2013-145499;Consumer;First Class;3,282
CA-2013-147368;Consumer;First Class;695,7
CA-2013-157280;Consumer;First Class;1120,73
CA-2013-157364;Consumer;First Class;18,48
CA-2013-164784;Consumer;First Class;377,346
CA-2014-103212;Consumer;First Class;1541,51
CA-2014-105620;Consumer;First Class;141
CA-2014-108287;Consumer;First Class;12,672
CA-2014-109589;Consumer;First Class;71
CA-2014-110198;Consumer;First Class;318,96
CA-2014-112774;Consumer;First Class;34,504
CA-2014-115448;Consumer;First Class;88,92
CA-2014-121314;Consumer;First Class;251,64
CA-2014-121818;Consumer;First Class;52,696
CA-2014-122154;Consumer;First Class;284,19
CA-2014-122994;Consumer;First Class;359,97
CA-2014-125472;Consumer;First Class;253,86
CA-2014-126774;Consumer;First Class;4,89
CA-2014-133235;Consumer;First Class;271,96
CA-2014-138779;Consumer;First Class;29,664
CA-2014-143756;Consumer;First Class;701,96
CA-2014-151218;Consumer;First Class;4,464
CA-2014-156769;Consumer;First Class;54,66
CA-2014-158729;Consumer;First Class;1665,62
CA-2014-158967;Consumer;First Class;19,104
CA-2014-161053;Consumer;First Class;726,91
CA-2014-162635;Consumer;First Class;10,816
CA-2014-163335;Consumer;First Class;79
US-2011-130358;Consumer;First Class;23,12
US-2012-106495;Consumer;First Class;11,672
US-2013-106600;Consumer;First Class;354,9
US-2013-113649;Consumer;First Class;645,136
US-2013-116400;Consumer;First Class;39,92
US-2013-119298;Consumer;First Class;59,98
US-2013-131891;Consumer;First Class;2,214
US-2013-162677;Consumer;First Class;187,616
US-2013-167472;Consumer;First Class;678,87
US-2014-108063;Consumer;First Class;34,65
US-2014-133781;Consumer;First Class;37,608
US-2014-148831;Consumer;First Class;348,56
Grand Total;Consumer;First Class;20802,173
CA-2011-113047;;Same Day;11,85
CA-2011-116239;;Same Day;354,9
CA-2011-130428;;Same Day;1142,165
CA-2011-131541;;Same Day;193,152
CA-2011-142951;;Same Day;23,472
CA-2011-152254;;Same Day;310,688
CA-2012-117884;;Same Day;598,352
CA-2012-136224;;Same Day;10,272
CA-2012-155068;;Same Day;78,456
CA-2013-101378;;Same Day;29
CA-2013-105256;;Same Day;1363,96
CA-2013-106894;;Same Day;107,83
CA-2013-127698;;Same Day;863,928
CA-2013-143308;;Same Day;10,74
CA-2013-144344;;Same Day;314,393
CA-2013-152163;;Same Day;85,5
CA-2013-152471;;Same Day;839,944
CA-2013-159653;;Same Day;14,73
CA-2014-103065;;Same Day;59,824
CA-2014-122987;;Same Day;80,564
CA-2014-144498;;Same Day;817,829
CA-2014-158883;;Same Day;25,344
US-2011-114377;;Same Day;149,9
US-2013-134761;;Same Day;36,192
US-2013-148803;;Same Day;85,224
US-2013-156692;;Same Day;89,32
US-2014-120607;;Same Day;195,64
US-2014-152492;;Same Day;239,24
Grand Total;;Same Day;8132,409
CA-2011-100706;;Second Class;129,44
CA-2011-101266;;Second Class;13,36
CA-2011-109232;;Second Class;545,94
CA-2011-110422;;Second Class;25,248
CA-2011-115357;;Second Class;62,91
CA-2011-120768;;Second Class;1979,89
CA-2011-123925;;Second Class;40,05
CA-2011-124618;;Second Class;479,984
CA-2011-127488;;Second Class;4,608
CA-2011-130918;;Second Class;7,632
CA-2011-132612;;Second Class;1441,3
CA-2011-142727;;Second Class;69,9
CA-2011-145576;;Second Class;26,128
CA-2011-154158;;Second Class;619,848
CA-2011-155852;;Second Class;19,456
CA-2011-156006;;Second Class;47,79
CA-2011-156790;;Second Class;155,456
CA-2011-158470;;Second Class;129,33
CA-2011-166457;;Second Class;40,54
CA-2011-169775;;Second Class;709,0425
CA-2012-109386;;Second Class;750,93
CA-2012-110345;;Second Class;4,608
CA-2012-116638;;Second Class;4297,644
CA-2012-128027;;Second Class;269,49
CA-2012-134257;;Second Class;498,93
CA-2012-150749;;Second Class;5,56
CA-2012-153325;;Second Class;58,72
CA-2012-153752;;Second Class;173,94
CA-2012-155600;;Second Class;1635,018
CA-2012-169733;;Second Class;9,952
CA-2013-101525;;Second Class;140,52
CA-2013-109722;;Second Class;1284,8
CA-2013-113292;;Second Class;871,8
CA-2013-116918;;Second Class;36,364
CA-2013-120873;;Second Class;290,98
CA-2013-123176;;Second Class;31,83
CA-2013-131065;;Second Class;513,52
CA-2013-136231;;Second Class;228,586
CA-2013-137043;;Second Class;859,14
CA-2013-140543;;Second Class;191,88
CA-2013-141180;;Second Class;7,764
CA-2013-149783;;Second Class;131,104
CA-2013-149979;;Second Class;487,22
CA-2013-152156;;Second Class;993,9
CA-2013-154690;;Second Class;225,296
CA-2013-155670;;Second Class;21,504
CA-2013-158841;;Second Class;8805,04
CA-2013-159765;;Second Class;27,86
CA-2013-162355;;Second Class;1302,83
CA-2013-164735;;Second Class;81,2
CA-2013-168753;;Second Class;1002,7
CA-2013-168893;;Second Class;903,77
CA-2013-169334;;Second Class;111,672
CA-2014-101210;;Second Class;13,152
CA-2014-101273;;Second Class;14,336
CA-2014-101483;;Second Class;61,216
CA-2014-102309;;Second Class;212,91
CA-2014-107209;;Second Class;194,848
CA-2014-107461;;Second Class;23,88
CA-2014-113705;;Second Class;874,8
CA-2014-123239;;Second Class;91,032
CA-2014-127726;;Second Class;209,88
CA-2014-128629;;Second Class;18,84
CA-2014-128699;;Second Class;47,992
CA-2014-129021;;Second Class;4590,344
CA-2014-129462;;Second Class;740,59
CA-2014-130834;;Second Class;16,272
CA-2014-139353;;Second Class;273,088
CA-2014-140088;;Second Class;301,96
CA-2014-144694;;Second Class;253,824
CA-2014-145310;;Second Class;7,824
CA-2014-146458;;Second Class;22,96
CA-2014-155159;;Second Class;48,87
CA-2014-155705;;Second Class;866,4
CA-2014-160458;;Second Class;25,92
CA-2014-161200;;Second Class;161,14
CA-2014-163321;;Second Class;79,992
CA-2014-163510;;Second Class;400,39
CA-2014-165204;;Second Class;728,968
CA-2014-167941;;Second Class;831,368
US-2011-102715;;Second Class;737,2
US-2011-117135;;Second Class;425,67
US-2012-136749;;Second Class;433,78
US-2012-151435;;Second Class;85,98
US-2013-120929;;Second Class;189,882
US-2013-142251;;Second Class;32,064
US-2014-135062;;Second Class;229,544
US-2014-153633;;Second Class;2,064
US-2014-158526;;Second Class;1814,68
US-2014-163195;;Second Class;29,16
US-2014-167920;;Second Class;1827,51
Grand Total;;Second Class;49724,2545
CA-2011-100895;;Standard Class;605,47
CA-2011-104283;;Standard Class;616,14
CA-2011-107573;;Standard Class;23,472
CA-2011-110100;;Standard Class;302,376
CA-2011-114335;;Standard Class;337,088
CA-2011-116190;;Standard Class;256,48
CA-2011-116407;;Standard Class;362,176
CA-2011-116568;;Standard Class;186,304
CA-2011-117016;;Standard Class;15,552
CA-2011-120950;;Standard Class;43,68
CA-2011-123400;;Standard Class;199,296
CA-2011-127299;;Standard Class;2692,329
CA-2011-127614;;Standard Class;1508,13
CA-2011-128839;;Standard Class;254,97
CA-2011-131527;;Standard Class;95,968
CA-2011-134551;;Standard Class;732,312
CA-2011-138296;;Standard Class;24,56
CA-2011-138709;;Standard Class;37,44
CA-2011-140886;;Standard Class;69,216
CA-2011-143182;;Standard Class;15,384
CA-2011-143840;;Standard Class;180,93
CA-2011-146731;;Standard Class;147,344
CA-2011-149958;;Standard Class;370,782
CA-2011-152268;;Standard Class;1793,98
CA-2011-155390;;Standard Class;42,208
CA-2011-159184;;Standard Class;149,56
CA-2011-159681;;Standard Class;105,52
CA-2011-161634;;Standard Class;32,4
CA-2011-163013;;Standard Class;14,67
CA-2011-164315;;Standard Class;1220,67
CA-2011-165764;;Standard Class;1395,673
CA-2011-166051;;Standard Class;773,7
CA-2011-169257;;Standard Class;63,381
CA-2012-100888;;Standard Class;47,952
CA-2012-101868;;Standard Class;175,32
CA-2012-102491;;Standard Class;3747,93
CA-2012-102582;;Standard Class;1918,79
CA-2012-103093;;Standard Class;74,52
CA-2012-104115;;Standard Class;55,984
CA-2012-107678;;Standard Class;893,09
CA-2012-108119;;Standard Class;301,96
CA-2012-110247;;Standard Class;8,226
CA-2012-111199;;Standard Class;115,296
CA-2012-111703;;Standard Class;27,504
CA-2012-112375;;Standard Class;78,192
CA-2012-114300;;Standard Class;371,66
CA-2012-114503;;Standard Class;84,96
CA-2012-115938;;Standard Class;535,36
CA-2012-118444;;Standard Class;387,136
CA-2012-118843;;Standard Class;199,86
CA-2012-119480;;Standard Class;364,07
CA-2012-119634;;Standard Class;46,152
CA-2012-120516;;Standard Class;5,64
CA-2012-120621;;Standard Class;1270,379
CA-2012-122266;;Standard Class;194,1395
CA-2012-123092;;Standard Class;288,85
CA-2012-123330;;Standard Class;107,976
CA-2012-125563;;Standard Class;121,888
CA-2012-125976;;Standard Class;2026,78
CA-2012-128139;;Standard Class;365,91
CA-2012-129098;;Standard Class;30,84
CA-2012-133242;;Standard Class;1046,47
CA-2012-134719;;Standard Class;1801,632
CA-2012-134782;;Standard Class;105,42
CA-2012-134894;;Standard Class;436,86
CA-2012-136147;;Standard Class;233,064
CA-2012-138457;;Standard Class;13,092
CA-2012-141145;;Standard Class;87,168
CA-2012-141565;;Standard Class;1664,132
CA-2012-142755;;Standard Class;919,49
CA-2012-143119;;Standard Class;517,5
CA-2012-143532;;Standard Class;14,496
CA-2012-144288;;Standard Class;19,584
CA-2012-145352;;Standard Class;6412,77
CA-2012-147879;;Standard Class;45,68
CA-2012-148705;;Standard Class;5,04
CA-2012-151547;;Standard Class;88,96
CA-2012-153535;;Standard Class;169,544
CA-2012-153626;;Standard Class;5,16
CA-2012-155635;;Standard Class;48,81
CA-2012-156328;;Standard Class;177,48
CA-2012-158148;;Standard Class;36,27
CA-2012-158421;;Standard Class;3631,96
CA-2012-162537;;Standard Class;104,51
CA-2012-162761;;Standard Class;50,462
CA-2012-163965;;Standard Class;377,902
CA-2012-165624;;Standard Class;1142,43
CA-2012-167696;;Standard Class;31,12
CA-2012-168459;;Standard Class;58,05
CA-2012-169740;;Standard Class;29,99
CA-2013-101469;;Standard Class;7,7
CA-2013-102162;;Standard Class;1611,01
CA-2013-104157;;Standard Class;2503,47
CA-2013-104276;;Standard Class;447,783
CA-2013-106950;;Standard Class;1854,241
CA-2013-108105;;Standard Class;323,88
CA-2013-108567;;Standard Class;2,694
CA-2013-108616;;Standard Class;298,83
CA-2013-111409;;Standard Class;3
CA-2013-111605;;Standard Class;2,61
CA-2013-112102;;Standard Class;448,81
CA-2013-113733;;Standard Class;334,256
CA-2013-113747;;Standard Class;185,88
CA-2013-116232;;Standard Class;24,066
CA-2013-117604;;Standard Class;239,5
CA-2013-118514;;Standard Class;866,4
CA-2013-118626;;Standard Class;705,544
CA-2013-121958;;Standard Class;52,136
CA-2013-131205;;Standard Class;291,74
CA-2013-132549;;Standard Class;73,36
CA-2013-133123;;Standard Class;99,156
CA-2013-133368;;Standard Class;405,344
CA-2013-134208;;Standard Class;396
CA-2013-135636;;Standard Class;387,72
CA-2013-136483;;Standard Class;4,704
CA-2013-137736;;Standard Class;41,86
CA-2013-139381;;Standard Class;233,48
CA-2013-140641;;Standard Class;38,19
CA-2013-142370;;Standard Class;254,99
CA-2013-142895;;Standard Class;370,184
CA-2013-145905;;Standard Class;1264,14
CA-2013-146143;;Standard Class;133,38
CA-2013-146150;;Standard Class;264,18
CA-2013-148684;;Standard Class;870,04
CA-2013-150000;;Standard Class;17,92
CA-2013-154060;;Standard Class;187,056
CA-2013-155138;;Standard Class;99,872
CA-2013-156503;;Standard Class;305,248
CA-2013-156573;;Standard Class;60,485
CA-2013-157245;;Standard Class;641,96
CA-2013-157588;;Standard Class;88,15
CA-2013-159989;;Standard Class;40,68
CA-2013-160234;;Standard Class;135,95
CA-2013-160486;;Standard Class;72,224
CA-2013-163174;;Standard Class;186,54
CA-2013-163776;;Standard Class;1110,5
CA-2013-164574;;Standard Class;732,156
CA-2013-166282;;Standard Class;158,256
CA-2013-166485;;Standard Class;16,496
CA-2013-168536;;Standard Class;66,3
CA-2013-169103;;Standard Class;1466,32
CA-2014-100426;;Standard Class;12,48
CA-2014-100622;;Standard Class;1030,742
CA-2014-100902;;Standard Class;699,4
CA-2014-101042;;Standard Class;843,84
CA-2014-102204;;Standard Class;3740,51
CA-2014-102610;;Standard Class;248,396
CA-2014-102736;;Standard Class;177,08
CA-2014-103499;;Standard Class;209,568
CA-2014-104731;;Standard Class;951,98
CA-2014-106537;;Standard Class;20,736
CA-2014-108035;;Standard Class;491,888
CA-2014-108112;;Standard Class;559,2
CA-2014-109183;;Standard Class;649
CA-2014-110926;;Standard Class;25,06
CA-2014-114412;;Standard Class;15,552
CA-2014-114636;;Standard Class;192,16
CA-2014-116855;;Standard Class;504,9
CA-2014-116939;;Standard Class;177,55
CA-2014-117079;;Standard Class;863,88
CA-2014-117198;;Standard Class;659,9
CA-2014-118402;;Standard Class;243,92
CA-2014-119004;;Standard Class;105,408
CA-2014-119305;;Standard Class;173,8
CA-2014-119669;;Standard Class;5,67
CA-2014-120894;;Standard Class;28,08
CA-2014-121804;;Standard Class;72,8
CA-2014-122056;;Standard Class;181,86
CA-2014-123351;;Standard Class;80,48
CA-2014-124296;;Standard Class;712,85
CA-2014-124765;;Standard Class;723,92
CA-2014-126354;;Standard Class;119,178
CA-2014-126914;;Standard Class;776,08
CA-2014-127306;;Standard Class;175,086
CA-2014-128363;;Standard Class;2382,926
CA-2014-128755;;Standard Class;629,86
CA-2014-130309;;Standard Class;544,38
CA-2014-130904;;Standard Class;22,744
CA-2014-132185;;Standard Class;52,344
CA-2014-133501;;Standard Class;5,184
CA-2014-133641;;Standard Class;48,69
CA-2014-133928;;Standard Class;4,572
CA-2014-135587;;Standard Class;372,64
CA-2014-137631;;Standard Class;751,984
CA-2014-138975;;Standard Class;2361,52
CA-2014-139493;;Standard Class;15,92
CA-2014-139948;;Standard Class;7,904
CA-2014-140627;;Standard Class;303,32
CA-2014-140872;;Standard Class;1111,698
CA-2014-142090;;Standard Class;2165,658
CA-2014-143861;;Standard Class;17,088
CA-2014-144365;;Standard Class;11,68
CA-2014-145275;;Standard Class;14,94
CA-2014-145737;;Standard Class;163,96
CA-2014-146136;;Standard Class;24,448
CA-2014-146192;;Standard Class;675,06
CA-2014-146983;;Standard Class;1577,94
CA-2014-147228;;Standard Class;458,984
CA-2014-148999;;Standard Class;419,136
CA-2014-149853;;Standard Class;33,472
CA-2014-150910;;Standard Class;1090,348
CA-2014-152786;;Standard Class;40,41
CA-2014-152968;;Standard Class;23,08
CA-2014-154088;;Standard Class;26,72
CA-2014-158386;;Standard Class;124,75
CA-2014-158743;;Standard Class;199,17
CA-2014-159954;;Standard Class;2,78
CA-2014-161970;;Standard Class;30,9
CA-2014-162173;;Standard Class;608,43
CA-2014-165687;;Standard Class;35,04
CA-2014-165715;;Standard Class;32,776
CA-2014-167871;;Standard Class;47,328
CA-2014-169005;;Standard Class;5,56
US-2011-115196;;Standard Class;1299,99
US-2011-117170;;Standard Class;52,608
US-2011-147627;;Standard Class;1859,4
US-2011-150574;;Standard Class;252,612
US-2011-155544;;Standard Class;310,528
US-2011-156559;;Standard Class;638,82
US-2011-158057;;Standard Class;59,109
US-2011-165659;;Standard Class;904,13
US-2011-167633;;Standard Class;15,552
US-2012-108966;;Standard Class;979,9455
US-2012-120572;;Standard Class;12,828
US-2012-123960;;Standard Class;207,82
US-2012-129553;;Standard Class;29,97
US-2012-134026;;Standard Class;1001,76
US-2012-145436;;Standard Class;551,264
US-2012-164357;;Standard Class;13,12
US-2012-168732;;Standard Class;129,64
US-2012-168935;;Standard Class;459,4335
US-2013-121013;;Standard Class;1678
US-2013-132857;;Standard Class;6,672
US-2013-135923;;Standard Class;530,272
US-2013-137295;;Standard Class;187,228
US-2013-147991;;Standard Class;16,72
US-2013-164588;;Standard Class;12,84
US-2013-169369;;Standard Class;299,07
US-2014-102904;;Standard Class;239,92
US-2014-105935;;Standard Class;3002,65
US-2014-117450;;Standard Class;107,552
US-2014-126179;;Standard Class;311,96
US-2014-134642;;Standard Class;428,704
US-2014-135986;;Standard Class;536,36
US-2014-136189;;Standard Class;82,38
US-2014-146822;;Standard Class;49,12
US-2014-146878;;Standard Class;12,294
US-2014-149510;;Standard Class;98,446
US-2014-152842;;Standard Class;242,352
US-2014-152898;;Standard Class;67,9
US-2014-165953;;Standard Class;71,096
US-2014-166233;;Standard Class;24
US-2014-168690;;Standard Class;2,808
Grand Total;;Standard Class;116922,1345
CA-2011-103317;Corporate;First Class;242,546
CA-2011-103989;Corporate;First Class;590,762
CA-2011-106054;Corporate;First Class;12,78
CA-2011-111934;Corporate;First Class;47,32
CA-2011-124688;Corporate;First Class;1812,01
CA-2011-125682;Corporate;First Class;9,96
CA-2011-131905;Corporate;First Class;321,56
CA-2011-163293;Corporate;First Class;116,85
CA-2011-169684;Corporate;First Class;426,942
CA-2012-104038;Corporate;First Class;176,63
CA-2012-121720;Corporate;First Class;3165,744
CA-2012-133396;Corporate;First Class;64,68
CA-2012-140718;Corporate;First Class;246,364
CA-2012-154746;Corporate;First Class;860,07
CA-2012-156734;Corporate;First Class;670,001
CA-2012-158323;Corporate;First Class;17,088
CA-2013-112676;Corporate;First Class;14,352
CA-2013-127208;Corporate;First Class;224,9
CA-2013-133711;Corporate;First Class;3236,41
CA-2013-153318;Corporate;First Class;783,96
CA-2013-160598;Corporate;First Class;31,008
CA-2013-162901;Corporate;First Class;31,4
CA-2014-113481;Corporate;First Class;740,214
CA-2014-115882;Corporate;First Class;1017,136
CA-2014-117695;Corporate;First Class;13,76
CA-2014-122707;Corporate;First Class;503,22
CA-2014-123687;Corporate;First Class;234,2
CA-2014-124828;Corporate;First Class;9,552
CA-2014-129028;Corporate;First Class;127,95
CA-2014-134810;Corporate;First Class;272,232
CA-2014-147760;Corporate;First Class;1883,724
CA-2014-155698;Corporate;First Class;668,54
CA-2014-159464;Corporate;First Class;524,85
CA-2014-161851;Corporate;First Class;15,57
US-2012-131842;Corporate;First Class;97,424
US-2013-101616;Corporate;First Class;87,28
US-2013-140809;Corporate;First Class;56,45
US-2013-153815;Corporate;First Class;368,432
US-2014-128951;Corporate;First Class;1065,84
US-2014-162208;Corporate;First Class;2,896
Grand Total;Corporate;First Class;20792,607
CA-2011-158771;;Same Day;158,71
CA-2013-130820;;Same Day;630,024
CA-2014-161046;;Same Day;839,25
US-2012-130519;;Same Day;111,904
US-2014-168116;;Same Day;8167,42
Grand Total;;Same Day;9907,308
CA-2011-101560;;Second Class;542,34
CA-2011-102988;;Second Class;4251,92
CA-2011-110408;;Second Class;2216,8
CA-2011-114790;;Second Class;782,63
CA-2011-120432;;Second Class;25,5
CA-2011-121286;;Second Class;66,616
CA-2011-129819;;Second Class;12,39
CA-2011-153913;;Second Class;1015,816
CA-2011-162775;;Second Class;1287,26
CA-2011-164910;;Second Class;7,872
CA-2012-109470;;Second Class;596,48
CA-2012-109708;;Second Class;467,04
CA-2012-116750;;Second Class;12,158
CA-2012-119592;;Second Class;3,76
CA-2012-142202;;Second Class;717,12
CA-2012-161445;;Second Class;140,736
CA-2012-163237;;Second Class;520,03
CA-2012-166604;;Second Class;17,94
CA-2012-168004;;Second Class;392,94
CA-2012-169677;;Second Class;9,82
CA-2013-109407;;Second Class;31,36
CA-2013-112697;;Second Class;1410,066
CA-2013-113236;;Second Class;232,624
CA-2013-122518;;Second Class;10,08
CA-2013-134474;;Second Class;255,904
CA-2013-143805;;Second Class;2145,25
CA-2013-157161;;Second Class;199,18
CA-2013-162236;;Second Class;1106,924
CA-2013-162747;;Second Class;86,45
CA-2013-163167;;Second Class;2673,69
CA-2014-103009;;Second Class;26,4
CA-2014-104864;;Second Class;552,856
CA-2014-115070;;Second Class;16,739
CA-2014-116113;;Second Class;10,16
CA-2014-122693;;Second Class;1245,86
CA-2014-128300;;Second Class;406,94
CA-2014-133263;;Second Class;3098,61
CA-2014-134495;;Second Class;269,4
CA-2014-134649;;Second Class;22,63
CA-2014-143567;;Second Class;3291,07
CA-2014-145702;;Second Class;342,24
CA-2014-153339;;Second Class;15,992
CA-2014-153654;;Second Class;19,008
CA-2014-158561;;Second Class;1158,12
US-2012-140851;;Second Class;38,88
US-2012-149629;;Second Class;231,92
US-2013-138408;;Second Class;1319,96
US-2013-161844;;Second Class;82,92
US-2014-109610;;Second Class;701,96
US-2014-162670;;Second Class;1152,87
Grand Total;;Second Class;35243,231
CA-2011-100916;;Standard Class;788,86
CA-2011-101770;;Standard Class;1,869
CA-2011-102274;;Standard Class;865,5
CA-2011-102673;;Standard Class;1044,44
CA-2011-103807;;Standard Class;21,19
CA-2011-106810;;Standard Class;310,88
CA-2011-107811;;Standard Class;661,504
CA-2011-111500;;Standard Class;484,79
CA-2011-112718;;Standard Class;1,167
CA-2011-114314;;Standard Class;16,23
CA-2011-114321;;Standard Class;1417,35
CA-2011-115084;;Standard Class;605,34
CA-2011-117345;;Standard Class;202,896
CA-2011-117639;;Standard Class;3333,9
CA-2011-125136;;Standard Class;106,944
CA-2011-128846;;Standard Class;752,92
CA-2011-129091;;Standard Class;1022,61
CA-2011-136336;;Standard Class;828,84
CA-2011-137911;;Standard Class;88,768
CA-2011-138527;;Standard Class;192,424
CA-2011-146885;;Standard Class;13,62
CA-2011-148425;;Standard Class;6,642
CA-2011-149020;;Standard Class;54,83
CA-2011-149538;;Standard Class;364,93
CA-2011-151953;;Standard Class;2,816
CA-2011-151967;;Standard Class;129,92
CA-2011-152562;;Standard Class;75,16
CA-2011-152849;;Standard Class;4,368
CA-2011-153087;;Standard Class;521,92
CA-2011-155208;;Standard Class;39,072
CA-2011-160276;;Standard Class;177,68
CA-2011-160773;;Standard Class;581,104
CA-2011-163223;;Standard Class;3769,56
CA-2011-167850;;Standard Class;193,936
CA-2012-103793;;Standard Class;74,352
CA-2012-103870;;Standard Class;284,44
CA-2012-104241;;Standard Class;192,22
CA-2012-104941;;Standard Class;976,29
CA-2012-105571;;Standard Class;1361,631
CA-2012-106187;;Standard Class;268,4
CA-2012-108259;;Standard Class;81,135
CA-2012-113628;;Standard Class;792,508
CA-2012-120845;;Standard Class;22,549
CA-2012-121552;;Standard Class;19,56
CA-2012-122168;;Standard Class;53,28
CA-2012-125066;;Standard Class;62,46
CA-2012-128083;;Standard Class;45,976
CA-2012-131422;;Standard Class;207
CA-2012-137106;;Standard Class;79,96
CA-2012-137281;;Standard Class;6,48
CA-2012-147011;;Standard Class;13,632
CA-2012-147102;;Standard Class;66,36
CA-2012-147529;;Standard Class;324,11
CA-2012-149342;;Standard Class;896,31
CA-2012-149734;;Standard Class;200,984
CA-2012-150308;;Standard Class;246,168
CA-2012-151624;;Standard Class;21,36
CA-2012-153038;;Standard Class;94,688
CA-2012-154291;;Standard Class;457,04
CA-2012-154921;;Standard Class;186,69
CA-2012-155453;;Standard Class;4,608
CA-2012-160696;;Standard Class;7,24
CA-2012-161998;;Standard Class;277,632
CA-2012-162201;;Standard Class;937,608
CA-2012-164427;;Standard Class;239,7
CA-2012-166975;;Standard Class;692,472
CA-2012-169572;;Standard Class;46,62
CA-2013-106558;;Standard Class;316
CA-2013-109743;;Standard Class;104,712
CA-2013-109911;;Standard Class;10,96
CA-2013-112277;;Standard Class;519,68
CA-2013-113831;;Standard Class;4317,3
CA-2013-113845;;Standard Class;574,056
CA-2013-114713;;Standard Class;45,584
CA-2013-115504;;Standard Class;12,96
CA-2013-116764;;Standard Class;9,216
CA-2013-118073;;Standard Class;562,2925
CA-2013-118178;;Standard Class;31,086
CA-2013-119074;;Standard Class;92,7
CA-2013-123617;;Standard Class;7,434
CA-2013-123946;;Standard Class;1159,06
CA-2013-124254;;Standard Class;191,808
CA-2013-125017;;Standard Class;132,224
CA-2013-130001;;Standard Class;36,24
CA-2013-134516;;Standard Class;115,48
CA-2013-138695;;Standard Class;452,464
CA-2013-139689;;Standard Class;40,896
CA-2013-140928;;Standard Class;383,438
CA-2013-142097;;Standard Class;342,76
CA-2013-145709;;Standard Class;64,248
CA-2013-157763;;Standard Class;140,81
CA-2013-165316;;Standard Class;324,387
CA-2013-165827;;Standard Class;50,496
CA-2013-166380;;Standard Class;138,53
CA-2014-104318;;Standard Class;20,768
CA-2014-107167;;Standard Class;1347,52
CA-2014-108322;;Standard Class;26,056
CA-2014-110310;;Standard Class;68,967
CA-2014-119284;;Standard Class;2942,784
CA-2014-125745;;Standard Class;19,52
CA-2014-126046;;Standard Class;12,39
CA-2014-126382;;Standard Class;35,168
CA-2014-127803;;Standard Class;26,16
CA-2014-128769;;Standard Class;81,568
CA-2014-136826;;Standard Class;14,016
CA-2014-139619;;Standard Class;95,616
CA-2014-141614;;Standard Class;20,736
CA-2014-147333;;Standard Class;204,55
CA-2014-147361;;Standard Class;685,26
CA-2014-148810;;Standard Class;287,424
CA-2014-151855;;Standard Class;39,252
CA-2014-154816;;Standard Class;5,78
CA-2014-155824;;Standard Class;61,876
CA-2014-156272;;Standard Class;64,384
CA-2014-157854;;Standard Class;2747,25
CA-2014-158407;;Standard Class;103,968
CA-2014-159100;;Standard Class;1893,786
CA-2014-160017;;Standard Class;10,368
CA-2014-160724;;Standard Class;34,5
CA-2014-161130;;Standard Class;361,376
CA-2014-161592;;Standard Class;8,1
CA-2014-163629;;Standard Class;286,09
CA-2014-164756;;Standard Class;997,83
CA-2014-164917;;Standard Class;47,96
CA-2014-165029;;Standard Class;12,84
CA-2014-168102;;Standard Class;113,568
CA-2014-168389;;Standard Class;873,811
CA-2014-169012;;Standard Class;41,91
US-2011-107405;;Standard Class;16,272
US-2011-109162;;Standard Class;170,352
US-2011-118997;;Standard Class;1215,92
US-2011-143581;;Standard Class;344,91
US-2011-147774;;Standard Class;67,194
US-2011-156216;;Standard Class;18,648
US-2011-157231;;Standard Class;115,36
US-2011-164763;;Standard Class;103,5
US-2012-112508;;Standard Class;6,992
US-2012-136476;;Standard Class;157,794
US-2012-148817;;Standard Class;125,64
US-2012-158911;;Standard Class;16,712
US-2013-102232;;Standard Class;197,05
US-2013-144393;;Standard Class;17,616
US-2013-148901;;Standard Class;191,018
US-2013-150357;;Standard Class;24,703
US-2013-150567;;Standard Class;29,97
US-2013-159415;;Standard Class;79,12
US-2013-164630;;Standard Class;959,968
US-2014-115252;;Standard Class;30,336
US-2014-126060;;Standard Class;198,272
US-2014-128118;;Standard Class;76,521
US-2014-135503;;Standard Class;14,76
US-2014-166611;;Standard Class;68,742
Grand Total;;Standard Class;55942,7865
CA-2011-132010;Home Office;First Class;389,74
CA-2011-136567;Home Office;First Class;2884,37
CA-2011-140165;Home Office;First Class;405,456
CA-2013-149454;Home Office;First Class;10,44
CA-2013-159142;Home Office;First Class;177,78
CA-2013-162159;Home Office;First Class;121,78
CA-2014-121419;Home Office;First Class;771,8
CA-2014-132213;Home Office;First Class;109,968
CA-2014-144456;Home Office;First Class;220,056
CA-2014-155292;Home Office;First Class;204,98
US-2013-158309;Home Office;First Class;3,744
US-2014-162558;Home Office;First Class;2437,672
Grand Total;Home Office;First Class;7737,786
CA-2011-165806;;Same Day;259,29
CA-2012-100769;;Same Day;255,968
CA-2013-136126;;Same Day;261,1
CA-2014-133095;;Same Day;117,62
CA-2014-149146;;Same Day;7,968
US-2013-108504;;Same Day;2075,51
Grand Total;;Same Day;2977,456
CA-2011-157609;;Second Class;471,92
CA-2011-158274;;Second Class;682,91
CA-2012-115847;;Second Class;61,96
CA-2012-133977;;Second Class;3,444
CA-2012-134992;;Second Class;80,38
CA-2012-140830;;Second Class;89,36
CA-2012-153549;;Second Class;1166,92
CA-2013-109344;;Second Class;1127,976
CA-2013-127985;;Second Class;7,04
CA-2013-140977;;Second Class;91,475
CA-2013-149111;;Second Class;55,416
CA-2013-164350;;Second Class;67,56
CA-2014-114055;;Second Class;819,28
CA-2014-141446;;Second Class;18
CA-2014-142671;;Second Class;11,52
CA-2014-148922;;Second Class;684,78
CA-2014-157931;;Second Class;830,24
CA-2014-160899;;Second Class;477,51
US-2012-113327;;Second Class;352,168
US-2013-135209;;Second Class;62,752
US-2013-168620;;Second Class;823,61
US-2014-148768;;Second Class;71,976
US-2014-159205;;Second Class;732,93
Grand Total;;Second Class;8791,127
CA-2011-100293;;Standard Class;91,056
CA-2011-108707;;Standard Class;10,368
CA-2011-120670;;Standard Class;799,92
CA-2011-122217;;Standard Class;111,15
CA-2011-133634;;Standard Class;47,79
CA-2011-134621;;Standard Class;18,24
CA-2011-145317;;Standard Class;23661,228
CA-2011-148285;;Standard Class;22,32
CA-2011-156244;;Standard Class;457,744
CA-2011-167199;;Standard Class;4374,88
CA-2012-102260;;Standard Class;763,508
CA-2012-103135;;Standard Class;525,95
CA-2012-103772;;Standard Class;260,31
CA-2012-110947;;Standard Class;113,1
CA-2012-115091;;Standard Class;75,04
CA-2012-125696;;Standard Class;7,38
CA-2012-128958;;Standard Class;13,12
CA-2012-135510;;Standard Class;67,96
CA-2012-141754;;Standard Class;11,696
CA-2012-145324;;Standard Class;39,96
CA-2012-160059;;Standard Class;6,24
CA-2012-163923;;Standard Class;151,96
CA-2013-100307;;Standard Class;19,44
CA-2013-105662;;Standard Class;270,728
CA-2013-105753;;Standard Class;61,1
CA-2013-110254;;Standard Class;158,81
CA-2013-118934;;Standard Class;16,218
CA-2013-121020;;Standard Class;239,976
CA-2013-123414;;Standard Class;37,264
CA-2013-123533;;Standard Class;392,832
CA-2013-131968;;Standard Class;681,432
CA-2013-134789;;Standard Class;215,84
CA-2013-136322;;Standard Class;74,32
CA-2013-139269;;Standard Class;1311,97
CA-2013-140571;;Standard Class;365,44
CA-2013-146171;;Standard Class;558,24
CA-2013-151155;;Standard Class;34,34
CA-2013-154403;;Standard Class;4,98
CA-2013-155439;;Standard Class;25,92
CA-2013-159212;;Standard Class;273,59
CA-2013-159891;;Standard Class;1396,35
CA-2013-165470;;Standard Class;5,08
CA-2013-169026;;Standard Class;23,34
CA-2014-100412;;Standard Class;141,96
CA-2014-102554;;Standard Class;3,76
CA-2014-110212;;Standard Class;48,9
CA-2014-113558;;Standard Class;729,648
CA-2014-120705;;Standard Class;147,184
CA-2014-124597;;Standard Class;32,088
CA-2014-124898;;Standard Class;184,66
CA-2014-125752;;Standard Class;41,424
CA-2014-127516;;Standard Class;64,784
CA-2014-128475;;Standard Class;71,98
CA-2014-129490;;Standard Class;419,136
CA-2014-129910;;Standard Class;59,76
CA-2014-134096;;Standard Class;399,53
CA-2014-139787;;Standard Class;35,4
CA-2014-146535;;Standard Class;1446,84
CA-2014-148166;;Standard Class;17,856
CA-2014-148404;;Standard Class;1027,21
CA-2014-148474;;Standard Class;544,14
CA-2014-150931;;Standard Class;33,74
CA-2014-151211;;Standard Class;201,09
CA-2014-154123;;Standard Class;27,58
CA-2014-155089;;Standard Class;45,66
CA-2014-159135;;Standard Class;4,3
CA-2014-159667;;Standard Class;691,144
CA-2014-160423;;Standard Class;383,992
CA-2014-161088;;Standard Class;29,84
CA-2014-162033;;Standard Class;57,01
CA-2014-165904;;Standard Class;235,44
US-2011-125521;;Standard Class;1139,92
US-2011-138835;;Standard Class;9,64
US-2011-155502;;Standard Class;944,61
US-2011-155817;;Standard Class;67,76
US-2013-108637;;Standard Class;334,2
US-2013-109260;;Standard Class;431,976
US-2013-123750;;Standard Class;895,06
US-2013-139262;;Standard Class;471,078
US-2013-146570;;Standard Class;612,14
US-2013-155404;;Standard Class;13,28
US-2014-100930;;Standard Class;1735,8505
US-2014-108315;;Standard Class;225,546
US-2014-114356;;Standard Class;35,96
US-2014-120390;;Standard Class;1633,188
US-2014-129224;;Standard Class;4,608
US-2014-132031;;Standard Class;513,496
US-2014-132297;;Standard Class;598,31
US-2014-132675;;Standard Class;148,16
US-2014-156083;;Standard Class;9,664
Grand Total;;Standard Class;54748,6325
